videoId,title,channelId,channelTitle,publishedAt,durationSeconds,viewCount,likeCount,commentCount,definition,licensedContent,license,madeForKids,tagsCount,hasShortsTag,isShortByTime,thumbnailDefault,thumbnailMedium,thumbnailHigh
0FbidXrY6so,cartoon ü§£ü§£#babycartoon #shortscartoons #funnycartoons#comedy #shorts #youtubeshorts #trending,UCG7RmjPTr1DXKfH1oN5LhlA,Aravind chauhan 1k,2025-10-28T15:31:52Z,10,710,12,0,hd,False,youtube,False,1,True,True,https://i.ytimg.com/vi/0FbidXrY6so/default.jpg,https://i.ytimg.com/vi/0FbidXrY6so/mqdefault.jpg,https://i.ytimg.com/vi/0FbidXrY6so/hqdefault.jpg
rJpIuIZom0Y,Bollywood Superstar New Look is Awesome #comedy #shorts,UCzCpbW0Xfk4vbgwjpBk7nKQ,MD Saddam Studio 01,2025-10-28T15:31:06Z,7,987,6,0,hd,False,youtube,False,0,True,True,https://i.ytimg.com/vi/rJpIuIZom0Y/default.jpg,https://i.ytimg.com/vi/rJpIuIZom0Y/mqdefault.jpg,https://i.ytimg.com/vi/rJpIuIZom0Y/hqdefault.jpg
yGjU_lenW3M,‡§∏‡§∏‡•Å‡§∞‡§æ‡§≤ ‡§µ‡§æ‡§≤‡•á .....ü§£ü§£#sasural#sasuralgendaphool #funny #comedy #shorts #ytshorts,UCWZXCx03WKowtpsTTl48Waw,@ Rajput jyoti life,2025-10-28T15:26:23Z,17,386,,0,hd,False,youtube,False,0,True,True,https://i.ytimg.com/vi/yGjU_lenW3M/default.jpg,https://i.ytimg.com/vi/yGjU_lenW3M/mqdefault.jpg,https://i.ytimg.com/vi/yGjU_lenW3M/hqdefault.jpg
U0yfaZo35IQ,‡§ú‡§¨ 1 ‡§∏‡§æ‡§≤ ‡§¨‡§æ‡§¶ ‡§â‡§∏‡•á ‡§¶‡•á‡§ñ‡§æ #funnyvideo #comedy #shorts,UCY-viRhavt-qhmhikq7RC2A,Kirti treta,2025-10-28T15:17:20Z,16,315,4,0,hd,True,youtube,False,0,True,True,https://i.ytimg.com/vi/U0yfaZo35IQ/default.jpg,https://i.ytimg.com/vi/U0yfaZo35IQ/mqdefault.jpg,https://i.ytimg.com/vi/U0yfaZo35IQ/hqdefault.jpg
NKWBVRI1bik,‡™®‡™æ‡™®‡´Ä ‡™¨‡´á‡™¨‡´Ä üëµ #comedy #shorts,UCn1vZ_BJGFV67ttLeSy6OpQ,Krushil Rakholiya ,2025-10-28T15:10:59Z,21,1229,10,0,hd,False,youtube,False,0,True,True,https://i.ytimg.com/vi/NKWBVRI1bik/default.jpg,https://i.ytimg.com/vi/NKWBVRI1bik/mqdefault.jpg,https://i.ytimg.com/vi/NKWBVRI1bik/hqdefault.jpg
gkJGbpUb77g,snake prank with sister ü§£ü§£ #comedy #funny #dushyantkukreja #prank #shorts,UChsCmFsBuDPAYeyQDIOsK3w,Gayatri choudhary ,2025-10-28T15:41:12Z,54,833,9,0,hd,False,youtube,False,5,True,True,https://i.ytimg.com/vi/gkJGbpUb77g/default.jpg,https://i.ytimg.com/vi/gkJGbpUb77g/mqdefault.jpg,https://i.ytimg.com/vi/gkJGbpUb77g/hqdefault.jpg
FXhLXXgtJ-Y,Aap ko Kya Laga Hoga ? Ôøº|| Prank Video || #Short #Shorts #Reaction #prank #shortsfeed,UCkr7kmxzX43gHU0A4Ttcsow,Jaipur Ka Prankster,2025-10-28T15:30:12Z,20,3987,261,2,hd,False,youtube,False,0,True,True,https://i.ytimg.com/vi/FXhLXXgtJ-Y/default.jpg,https://i.ytimg.com/vi/FXhLXXgtJ-Y/mqdefault.jpg,https://i.ytimg.com/vi/FXhLXXgtJ-Y/hqdefault.jpg
20kFPKvGCOY,Prank bahot bhari padgaya üò≠ bahot maar khayaü•π / #shorts #prank #youtube #funny #pranks,UCcYQXcB0y0xG7ZtqfbjK3FQ,Nawabzaade,2025-10-28T15:11:12Z,49,758,7,2,hd,False,youtube,False,19,True,True,https://i.ytimg.com/vi/20kFPKvGCOY/default.jpg,https://i.ytimg.com/vi/20kFPKvGCOY/mqdefault.jpg,https://i.ytimg.com/vi/20kFPKvGCOY/hqdefault.jpg
rSZSt1MP2cM,Swap Bag Prank Gone Crazy üò≠ #shorts,UCb5NuUv1oseIPRJm3MyJUUw,Shax,2025-10-28T14:06:27Z,35,3034,95,4,hd,True,youtube,False,0,True,True,https://i.ytimg.com/vi/rSZSt1MP2cM/default.jpg,https://i.ytimg.com/vi/rSZSt1MP2cM/mqdefault.jpg,https://i.ytimg.com/vi/rSZSt1MP2cM/hqdefault.jpg
bjXqzeltmcY,Top 4 Prank Gadgets #gadgets #shorts #viral,UC9CM15AbmPXkXyzz3zz0d5w,Jaxon Gadgets,2025-10-28T13:59:06Z,37,4322,58,0,hd,True,youtube,False,18,True,True,https://i.ytimg.com/vi/bjXqzeltmcY/default.jpg,https://i.ytimg.com/vi/bjXqzeltmcY/mqdefault.jpg,https://i.ytimg.com/vi/bjXqzeltmcY/hqdefault.jpg
